0,262,7































































263,288,5































































289,499,7































































